State,Time,Channel,Image,Headline
World,9 hours ago,Hindustan Times,https://news.google.com/api/attachments/CC8iL0NnNWthR2hRUWs5cVlVMHhibXB1VFJDb0FSaXNBaWdCTWdrVlJJYnJIU09xMVFB=-w200-h112-p-df,Houthis Rain Fire On 'Two Israeli & U.S. Ships' On Eid; Call It Revenge For 'Gaza Barbarity'
World,Yesterday,Arab News,https://news.google.com/api/attachments/CC8iK0NnNXJWRWxrY1RJMU5WRlNhV2t0VFJDM0FSaVRBaWdCTWdiQlVZeldvQWc=-w200-h112-p-df,Israel threatens to strike Iran directly if Iran launches attack from its territory
World,9 hours ago,Hindustan Times,https://news.google.com/api/attachments/CC8iL0NnNXBPRVpEUmkxMFZGVjBUbmhXVFJDZkF4amlCU2dLTWdrQkFJNnBPYVlWZ0FN=-w200-h112-p-df,India-UAE to work on IME Economic Corridor protocols in May
World,19 minutes ago,Hindustan Times,https://news.google.com/api/attachments/CC8iMkNnNDJjRWhUVlVwcGFXbElaM0JIVFJDZkF4ampCU2dLTWdzQklJQW5wV1BKTUpuTFJB=-w200-h112-p-df,"Latest News, Live Updates Today April 11, 2024: High moisture content major hurdle in wheat procurement in Haryana"
World,2 days ago,Mint,https://news.google.com/api/attachments/CC8iL0NnNUtWRTgzZEcxeWNGa3lRMWRFVFJDZkF4ampCU2dLTWdrQm9ZclVOQ2JCamdF=-w200-h112-p-df,"Eid-al-Fitr 2024 moon sighting: Crescent moon not sighted in Lucknow, Eid celebration on April 11; check prayer timings | Mint"
World,5 hours ago,Al Jazeera English,https://news.google.com/api/attachments/CC8iL0NnNDJWVVZHYUd4VVNrcHZMV1puVFJEZ0F4aUFCU2dLTWdrQkVKUWdENnN0YUFJ=-w280-h168-p-df,‘Overspeeding’ truck plunges into ravine killing 17 pilgrims in Pakistan
World,1 hour ago,Hindustan Times,https://news.google.com/api/attachments/CC8iK0NnNVJiREJOWldkNmIyTjJRWGhRVFJDZkF4ampCU2dLTWdhOVk0NVJMUWM=-w280-h168-p-df,"Justin Trudeau rakes up Nijjar killing again, says earlier govt was 'cosy' with India | 5 points"
World,4 hours ago,The Times of India,https://news.google.com/api/attachments/CC8iMkNnNTFiSE5OTkhoMVJsVkNTRGhNVFJEZ0F4aUFCU2dLTWdzRlFvU21udWx4dGxoTmln=-w280-h168-p-df,"Iran-Israel tension: Biden Vows ‘Ironclad’ Support For Netanyahu, Russia warns citizens against traveling to Mideast"
World,11 hours ago,Mint,https://news.google.com/api/attachments/CC8iJ0NnNUtObEJtYnpCc04wRTBjWG80VFJDZkF4ampCU2dLTWdNQmNBdw=-w280-h168-p-df,"Eid Mubark 2024: Top 10 wishes, WhatsApp messages, images, GIFs to share with your friends, family for Eid-ul-Fitr | Mint"
World,10 hours ago,India Today,https://news.google.com/api/attachments/CC8iK0NnNTJTbms1ZGxSNWVVeElVVkUxVFJDRUF4aXlCU2dLTWdZQk1JcnRsUW8=-w280-h168-p-df,South Korea's Opposition hands stinging defeat to President Yoon's party
World,2 hours ago,Al Jazeera English,https://news.google.com/api/attachments/CC8iK0NnNVliV0YxU0c5RlFqQkZaV2RRVFJDb0FSaXNBaWdCTWdhQlFJcVhJQWs=-w280-h168-p-df,Israeli army launches operation into Gaza’s Nuseirat refugee camp: AJE correspondent
World,2 hours ago,The Hindu,https://news.google.com/api/attachments/CC8iL0NnNHpMVkJDVXpKc2FUUjFTMVZMVFJDZkF4ampCU2dLTWdrRlFKYkVwU2dlNndF=-w280-h168-p-df,Vietnam property tycoon sentenced to death in multi-billion dollar fraud case
World,3 hours ago,Firstpost,https://news.google.com/api/attachments/CC8iK0NnNHhhR3RFYms1UVFVWXlSVkZLVFJDZkF4ampCU2dLTWdhaFJZN3NvUWc=-w280-h168-p-df,"Why is India posting defence attachés to African nations, Armenia, Philippines?"
World,7 hours ago,Hindustan Times,https://news.google.com/api/attachments/CC8iL0NnNURkMTh4VHpnMmRHcDNjUzFyVFJDZkF4amlCU2dLTWdtUkE0cFJpZXV4WUFN=-w280-h168-p-df,"Biden hosts Japanese PM at White House, guest list included Clintons, Tim Cook, Bezos among others"
World,5 hours ago,Hindustan Times,https://news.google.com/api/attachments/CC8iK0NnNXBOWGRmTFZWdFdXOUxWbU5YVFJDZkF4ampCU2dLTWdhbFJvd01xZ1k=-w280-h168-p-df,Millionaire Bryan Johnson shares photos of his age-reversing transformation over 6 years: ‘My face ID is confused’
India,48 minutes ago,NDTV,https://news.google.com/api/attachments/CC8iMkNnNVRlbE5QY0ZocGVXaG9aelpQVFJDeUF4akNCU2dLTWdzQk1Kb0RKeWdtYU5yZXNR=-w200-h112-p-df,3 IAS Officers' Lavish Paris Trip On Public Money Exposed By Chandigarh Audit Report
India,9 hours ago,Mint,https://news.google.com/api/attachments/CC8iI0NnNWlZbXBwY201UFRVNWtWRWxVVFJDZkF4ampCU2dLTWdB=-w280-h168-p-df,"Lok Sabha elections 2024 pre-poll survey: From unemployment to inflation, here are key issues in the upcoming polls | Mint"
India,4 hours ago,The Hindu,https://news.google.com/api/attachments/CC8iK0NnNHdVR1JyT1ZGVmVsSmZSRE4zVFJDZkF4ampCU2dLTWdZQlpKVERMUWc=-w280-h168-p-df,"After ED, now CBI arrests BRS leader Kavitha in Delhi excise policy case"
India,4 hours ago,Live Law - Indian Legal News,https://news.google.com/api/attachments/CC8iK0NnNDBiVUl4UWtaRVVtY3pXa1ozVFJDdEF4akxCU2dLTWdZQnNJb2h3QVU=-w280-h168-p-df,"Not Concerned With Patanjali Only, But All FMCG Companies Which Deceive Customers Selling Products With..."
India,1 hour ago,Hindustan Times,https://news.google.com/api/attachments/CC8iK0NnNWFXWFpDVVRGMk5IQlBhR0V5VFJDZkF4ampCU2dLTWdhSk5aek5tUWs=-w280-h168-p-df,School bus accident news LIVE: President Murmu condoles deaths in Mahendragarh
India,6 hours ago,NDTV,https://news.google.com/api/attachments/CC8iL0NnNUZVVkZCU1ZaMFQzQnZjblEwVFJDeUF4akNCU2dLTWdtQkk2Qk5HV3FaQlFN=-w280-h168-p-df,"Arvind Kejriwal's Private Secretary Sacked Over 2007 Case, AAP Reacts"
India,3 hours ago,BBC.com,https://news.google.com/api/attachments/CC8iL0NnNUdNbFZEVTFsaVMwZHZNa2xoVFJDZkF4ampCU2dLTWdtQk1ZNzB1S1c1cFFJ=-w280-h168-p-df,India’s Modi urges peace at China border
India,4 hours ago,The Times of India,https://news.google.com/api/attachments/CC8iK0NnNTBNMkYzUzE5c2EyOU5TbVl0VFJDZkF4ampCU2dLTWdhaFJJak5JUWc=-w280-h168-p-df,'Terrorists ko ghar mein ghus ke mara': PM Modi says no more suffering under 'weak goverment'
India,1 hour ago,NDTV,https://news.google.com/api/attachments/CC8iK0NnNVJSV3hzTlY5V05HSjFTMTlPVFJDeUF4akNCU2dLTWdhaFZJYXVwUVk=-w280-h168-p-df,Indira Gandhi Assassin Beant Singh's Son Contesting Polls From Punjab
India,6 hours ago,The News Minute,https://news.google.com/api/attachments/CC8iK0NnNDVTWHBCT1hKeVNUQnhhR1JIVFJDT0FoamdBeWdLTWdZVk00cUxJUVk=-w280-h168-p-df,How the BJP is trying to make inroads in Tamil Nadu with YouTube channels
India,11 hours ago,Hindustan Times,https://news.google.com/api/attachments/CC8iK0NnNXpOVmgyWm1SbE1qTjNRbFpZVFJDZkF4amlCU2dLTWdhaFpZenNMUVk=-w280-h168-p-df,Enforcement Directorate seeks arrest warrant against AAP MLA Amanatullah Khan
India,4 hours ago,Narendra Modi,https://news.google.com/api/attachments/CC8iK0NnNWFiVmRWYUhGUlZWZFZZMDl6VFJDb0FSaXNBaWdCTWdhRlVKaTNKQWc=-w280-h168-p-df,TEASER: Top Indian gamers meet PM Modi | @8bitthug@MortaLyt@Mythpat @SkRossi@PAYALGAMING@GamerFleet
India,7 hours ago,Hindustan Times,https://news.google.com/api/attachments/CC8iK0NnNUVZa3BLTFVoeFQwUnRaM2h5VFJDZkF4ampCU2dLTWdhdFZJNlBxUVk=-w280-h168-p-df,"At Eid prayer, Bengal CM Mamata Banerjee says ‘ready to shed blood for country', no to CAA and NRC"
India,6 hours ago,The Times of India,https://news.google.com/api/attachments/CC8iL0NnNXNVbUl4UzNsNFZIZzBjVXMxVFJDZkF4ampCU2dLTWdtQkVZcElscWt0cFFJ=-w280-h168-p-df,"'Bhagwa is not just yours': After fish meal, Tejashwi Yadav shares chopper orange party video"
India,3 hours ago,Times Now,https://news.google.com/api/attachments/CC8iMkNnNVVTamxGVjIxd1VrODRNVmxYVFJDZkF4ampCU2dLTWdzQkVKZzZJQ2pZcEtwZ2ln=-w280-h168-p-df,The AAP Rajya Sabha MPs 'Missing' From Protests Against Arvind Kejriwal's Arrest
Sports,6 hours ago,NDTV Sports,https://news.google.com/api/attachments/CC8iK0NnNVRhazh0ZG5OT1VtRlVjR1kxVFJEZ0F4al9CQ2dLTWdhcEpZN05tUWs=-w200-h112-p-df,"India's T20 World Cup Squad: Sunil Gavaskar Says Selectors Have ""Eye On"" Youngster With 10 50s In 15.."
Sports,2 hours ago,The Times of India,https://news.google.com/api/attachments/CC8iK0NnNUpRbkZUVGtsUGVsOVNVRTVxVFJDZkF4ampCU2dLTWdZZEJvN3NHUWc=-w200-h112-p-df,'I can eat the same thing for six months': Virat Kohli on his dietary discipline
Sports,5 hours ago,The Times of India,https://news.google.com/api/attachments/CC8iL0NnNXdWM3AzVGtKeldFUldkRU5HVFJDQUJSamdBeWdLTWdrQllKYVZLT2laS2dJ=-w200-h112-p-df,National Pet Day: Indian cricketers and their beloved pet dogs
Sports,Yesterday,India Today,https://news.google.com/api/attachments/CC8iK0NnNTNVWFJ5VlhCMFIwMVpkMEpyVFJDZkF4ampCU2dLTWdZQlVKZ2hyUWc=-w200-h112-p-df,'Smooth operator': Mahesh Babu's daughter Sitara with F1 driver Carlos Sainz
Sports,18 hours ago,Bar & Bench - Indian Legal News,https://news.google.com/api/attachments/CC8iK0NnNU1PRll0TXpCVFJrMTViMjUwVFJEZ0F4aUFCU2dLTWdZQkVJYTNXQU0=-w200-h112-p-df,Trilegal Partner Nisha Kaur Uberoi becomes a victim of cyber bullying and fake news
Sports,8 hours ago,NDTV Sports,https://news.google.com/api/attachments/CC8iI0NnNWhNVGN0WnpoeWMzbHpSMVU0VFJEZ0F4aUFCU2dLTWdB=-w280-h168-p-df,"""Don't Think Like That"": Shubman Gill's Reply To Harsha Bhogle On 'GT Left It Late' Is Warning For R.."
Sports,3 hours ago,CricTracker,https://news.google.com/api/attachments/CC8iK0NnNVlURm90ZGtaaU1WcGFkMUZaVFJDUUF4aUFCU2dLTWdhTklaRG5tQWs=-w280-h168-p-df,"IPL 2024: Match 25, MI vs RCB Match Prediction – Who will win today’s IPL match between MI vs RCB?"
Sports,10 hours ago,ESPN India,https://news.google.com/api/attachments/CC8iK0NnNVBUa1Z5ZEZVeVdrUm1lRk5CVFJDb0FSaXNBaWdCTWdZVmQ0WkpzZ1U=-w280-h168-p-df,"FIDE Candidates 2024: Gukesh remains in joint-lead, wins for Pragg and Vidit in R6"
Sports,10 hours ago,Hindustan Times,https://news.google.com/api/attachments/CC8iI0NnNHpTMDlEWkhoMVNXazFlbEIzVFJDZkF4ampCU2dLTWdB=-w280-h168-p-df,"Sanju Samson faces stern BCCI action over code of conduct breach during RR vs GT match, slapped with INR 12 lakh fine"
Sports,4 hours ago,The Hindu,https://news.google.com/api/attachments/CC8iK0NnNXJUelp5UzBoWVRsQnVhSGhqVFJDZkF4ampCU2dLTWdhdEk0cXVtUWs=-w280-h168-p-df,Hardik Pandya's stepbrother held for cheating cricketer of over ₹4 crore in business
Sports,1 hour ago,Business Manchester,https://news.google.com/api/attachments/CC8iK0NnNTRjakJ4TFdoblIzRklTbVJOVFJERUF4aW1CU2dLTWdZQllJYW9xQVk=-w280-h168-p-df,"IPL 2024: Lucknow Super Giants V Delhi Capitals - Preview, Expected Line-ups, Free Bets And Offers"
Sports,2 hours ago,Hindustan Times,https://news.google.com/api/attachments/CC8iK0NnNDRNRXMzY2w5cVNHcFdWVGhtVFJDMUFoaWxCQ2dLTWdhSkpZVG1tZ28=-w280-h168-p-df,"Yashasvi Jaiswal's patchy IPL form keeps Rohit Sharma, Ajit Agarkar on the edge before T20 World Cup"
Sports,3 hours ago,Hindustan Times,https://news.google.com/api/attachments/CC8iK0NnNVdXWEZTVkdwMmQwTjZUREZDVFJDZkF4ampCU2dLTWdZcFFJaXRJUWc=-w280-h168-p-df,'People are disappointed because Gautam Gambhir hugged me': Virat Kohli gets upfront on lack of 'masala'
Sports,29 minutes ago,Barca Universal,https://news.google.com/api/attachments/CC8iK0NnNVdiMVpQUVdscGIzWXpSMDlZVFJERUF4aW1CU2dLTWdZMUU0NXdrUWs=-w280-h168-p-df,Movistar issues apology for pundit's distasteful comment directed at Lamine Yamal
Sports,14 hours ago,Barca Blaugranes,https://news.google.com/api/attachments/CC8iI0NnNXVZamg2TTNZd1FVbFNXbnBrVFJERUF4aW1CU2dLTWdB=-w280-h168-p-df,Xavi hails Barcelona's 'small advantage but big victory' over PSG in Champions League
Entertainment,Yesterday,Hindustan Times,https://news.google.com/api/attachments/CC8iK0NnNWxhbFp6Y3paclpFTllOak0xVFJDZkF4ampCU2dLTWdZcE5Zek9LUWM=-w200-h112-p-df,"Sagittarius Daily Horoscope Today, April 10, 2024 predicts no major monetary issue"
Entertainment,10 hours ago,123telugu,https://news.google.com/api/attachments/CC8iI0NnNDFXR3h3YldORmFsVlZUV1JuVFJDREF4am1BU2dLTWdB=-w200-h112-p-df,Agent beauty announces her next
Entertainment,18 hours ago,Hindustan Times,https://news.google.com/api/attachments/CC8iI0NnNTZjWFpNWWpKeVVuQkhOMHRsVFJDZkF4ampCU2dLTWdB=-w200-h112-p-df,"Capricorn Daily Horoscope Today, April 11, 2024 advises to manifest with number 4"
Entertainment,6 hours ago,The Times of India,https://news.google.com/api/attachments/CC8iK0NnNHRTVmRtUm5aU1RHMTJUVWxMVFJDZkF4ampCU2dLTWdZaE01QlJIUWM=-w200-h112-p-df,From getting matching outfits to cooking yummy delicacies; a peek into Dipika Kakar and Shoaib Ibrahim’s first Eid prep with son Ruhaan
Entertainment,Yesterday,The Hindu,https://news.google.com/api/attachments/CC8iK0NnNWhjeTFTZERoSGJubGlOM2xaVFJDZkF4ampCU2dLTWdZdFpaQ3VLUWM=-w200-h112-p-df,"Ilaiyaraaja is above everybody, says counsel, opposing case filed by Echo Recording at Madras High Court"
Entertainment,Yesterday,News18,https://news.google.com/api/attachments/CC8iK0NnNXFUMXBuY1dWdU9HZG5iVWQxVFJDZkF4ampCU2dLTWdZbHRZRHNTUU0=-w200-h112-p-df,Kriti Sanon Rocks Denim-on-Denim Trend Like A Total Pro; Pics Inside
Entertainment,8 hours ago,The Indian Express,https://news.google.com/api/attachments/CC8iL0NnNVpWRUZyZEZSak9UWm1ZV0ZVVFJDZkF4ampCU2dLTWdrNVVZaHdvYWd0OHdB=-w200-h112-p-df,Prithviraj recalls when wife Supriya started throwing up in a rented Ferrari: ‘We switched to a Hyundai’
Entertainment,17 hours ago,Koreaboo,https://news.google.com/api/attachments/CC8iI0NnNUZlVzR0YUVkbVZURnNSbVJMVFJDUkF4ajhCU2dLTWdB=-w200-h112-p-df,"2PM's Ok Taecyeon Surprises ""Vincenzo"" Fans By Reuniting With Co-Star At 2024 ASEA"
Entertainment,6 hours ago,Koimoi,https://news.google.com/api/attachments/CC8iL0NnNXBjVGxqTFhGeU4yYzFZaTFQVFJDUkF4ajhCU2dLTWdrQllKUjRKR2pRNmdF=-w280-h168-p-df,Bade Miyan Chote Miyan Box Office Day 1 Morning Occupancy: Below Average Start For Akshay Kumar & Tiger Shroff Starrer Despite Eid Holiday!
Entertainment,4 hours ago,Hindustan Times,https://news.google.com/api/attachments/CC8iK0NnNVZOMVl5ZDJGNU0wSm9aVTh4VFJDZkF4ampCU2dLTWdhZFJKTExuUWM=-w280-h168-p-df,Allu Arjun’s Pushpa 2 The Rule makers spent ₹60 crore on Gangamma Thalli jatara scene: Report
Business,7 hours ago,Mint,https://news.google.com/api/attachments/CC8iJ0NnNVlUMjloYzFacmFHdDFTMDF0VFJDZkF4ampCU2dLTWdPaFJBZw=-w200-h112-p-df,US Fed rate cut unlikely in June as US inflation hots up. What this means for Indian investors and what should they do? | Mint
Business,4 hours ago,Moneycontrol,https://news.google.com/api/attachments/CC8iK0NnNUxRbWcwUTJ0a2MwTkJhMlZrVFJDZkF4ampCU2dLTWdZNXdvUVN2UVE=-w200-h112-p-df,"NTPC Green shortlists four i-banks for Rs 10,000 crore IPO"
Business,7 hours ago,ET Now,https://news.google.com/api/attachments/CC8iL0NnNXFRMDFWT0dndFVteFJaMVJUVFJDZkF4ampCU2dLTWdrTllJNm1ObVl1N0FF=-w200-h112-p-df,"Sanjiv Bhasin Stocks, Share Price Target: Top Picks! Tata Steel, Hindalco and Vedanta - Book profit or HOLD?"
Business,Yesterday,Moneycontrol,https://news.google.com/api/attachments/CC8iL0NnNHhTblEzWDBWRVRrbFZkbEEwVFJDZkF4ampCU2dLTWdrVllZQnFyV0l0MHdB=-w200-h112-p-df,"Heatwave hustle: From soda pop to AC tops, summer sales soar for e-commerce companies"
Business,4 hours ago,The Times of India,https://news.google.com/api/attachments/CC8iL0NnNUlhRkJLTTIxVllUZDBSbVJDVFJDZkF4ampCU2dLTWdtQkVKS2hNdWRTendF=-w280-h168-p-df,‘Stabilised our operations; were stretched in pilot rosters:’ Vistara CEO Kannan
Business,5 hours ago,BBC.com,https://news.google.com/api/attachments/CC8iL0NnNXJZbkJXTjJaM2FsRmZjRFpxVFJDZkF4ampCU2dLTWdrRlVZNEVIeWttVUFF=-w280-h168-p-df,Elon Musk: Tesla boss to visit India for meeting with PM Modi
Business,4 hours ago,Moneycontrol,https://news.google.com/api/attachments/CC8iK0NnNTRVMXBYVTBsYVMxVTFjRWgyVFJDZkF4ampCU2dLTWdhWkU0TE1sUUk=-w280-h168-p-df,"TCS Earnings Preview: Q4 revenue to ride on deal wins; margin, profitability to improve"
Business,Yesterday,Mint,https://news.google.com/api/attachments/CC8iK0NnNDFaazh4U1dWRGVtSnNjbVpQVFJDZkF4ampCU2dLTWdhTktJeW5GZ1U=-w280-h168-p-df,"Thanks to SEBI's crackdown on small caps, inflow into equity mutual funds slipped 16 per cent in March, AMFI data | Mint"
Business,12 hours ago,DNA India,https://news.google.com/api/attachments/CC8iK0NnNTJXWGRTWkhCZlJYQkNaVmRMVFJDZkF4amlCU2dLTWdhcGRZN05MUWM=-w280-h168-p-df,Mukesh Ambani's company to lead massive Rs 1 lakh crore investment in...
Business,8 hours ago,91mobiles,https://news.google.com/api/attachments/CC8iJ0NnNVhUV0ZIV0U5blZuTnRlVVkwVFJDZkF4ampCU2dLTWdNWmRCQQ=-w280-h168-p-df,"OnePlus phones will reportedly stop selling in over 4,500 offline stores in India"
Business,9 hours ago,RushLane,https://news.google.com/api/attachments/CC8iK0NnNUxSRXhyWTJGQlZuZGZVM1Z2VFJDZkF4ampCU2dLTWdZbEFJYXVFUVU=-w280-h168-p-df,Bajaj Pulsar 400 Launch Date 3rd May - To Be Priced Below Dominar?
Business,7 hours ago,Hindustan Times,https://news.google.com/api/attachments/CC8iK0NnNWxORVpOYW5kUFRtODFkVmRIVFJDZkF4ampCU2dLTWdhaGRvNExyZ1k=-w280-h168-p-df,S Jaishankar says India's UPI transactions way more than US digital payments
Business,10 hours ago,The Economic Times,https://news.google.com/api/attachments/CC8iL0NnNUVXVEJEYkdSc1pIUlViR2xtVFJEZ0F4aUFCU2dLTWdrQmxZVGp1V1BvOUFB=-w280-h168-p-df,Are Indian stock markets NSE & BSE open today for trading?
Business,8 hours ago,The Economic Times,https://news.google.com/api/attachments/CC8iL0NnNW5aWE5ZTUU1cVdIVTNaakJYVFJEb0FoamdBeWdLTWdrZGRZVE1xU2R6MXdB=-w280-h168-p-df,election stock ideas: Election picks: 5 stock ideas that may benefit if PM Modi returns to power - Play on Polls
Business,2 hours ago,Economies.com,https://news.google.com/api/attachments/CC8iK0NnNUdkalZVUVVOcVZVUnZiR2x2VFJDWkFSakpBaWdCTWdZSlJvQklyZ2M=-w280-h168-p-df,Gold price gathers the positive momentum – Forecast today - 10-04-2024
Science,Yesterday,India Today,https://news.google.com/api/attachments/CC8iJ0NnNXRjWFpIWVRJdFRsa3lPVkpKVFJDb0FSaXNBaWdCTWdNQkVBTQ=-w200-h112-p-df,Guarding the Sun: Inside India's 125-year-old Kodaikanal Solar Observatory
Science,Yesterday,India Today,https://news.google.com/api/attachments/CC8iJ0NnNW9iRGx0WlhsVGJsOHpXVFk1VFJDZkF4ampCU2dLTWdPbGhSQQ=-w200-h112-p-df,Indian scientists reveal why 38 SpaceX satellites crashed in 2022
Science,2 days ago,NDTV,https://news.google.com/api/attachments/CC8iK0NnNDVTVWxZZEhwck1YazBORkZxVFJDeUF4akNCU2dLTWdZcGRaRE9zUWM=-w200-h112-p-df,Solar Flares Seen During Total Solar Eclipse. Here's What It Means
Science,Yesterday,Hindustan Times,https://news.google.com/api/attachments/CC8iK0NnNDFaSFJZYWxWdWR6RXdXWFEwVFJEakJSaWZBeWdLTWdhSk1ZZ3FwUVE=-w200-h112-p-df,10 striking images of star birth captured by NASA
Science,Yesterday,The Times of India,https://news.google.com/api/attachments/CC8iK0NnNVZaSE5uWW01SlFuZHRka0V6VFJEZkF4aUFCU2dLTWdheEZJaXVsUWc=-w200-h112-p-df,Explained: Earth has its own time then why is US working on a lunar standard time
Science,11 hours ago,AP Archive,https://news.google.com/api/attachments/CC8iJ0NnNUlWa3BIZG1GTFRGcG9ZV1ZqVFJDb0FSaXNBaWdCTWdPcGRSSQ=-w280-h168-p-df,Explainer : What to know about the upcoming total solar eclipse
Science,7 hours ago,Hindustan Times,https://news.google.com/api/attachments/CC8iL0NnNVFaemt0Wm5KNmVuQlhkRmsyVFJDZkF4amlCU2dLTWdrQlVJeDNJQ2V4cWdF=-w280-h168-p-df,"9.4-foot space horror! This asteroid set to get as close as 18700 km to Earth today, says NASA"
Science,4 hours ago,Mint,https://news.google.com/api/attachments/CC8iK0NnNW1RbU5sYjFGWFpFWkJTbmxMVFJDZkF4ampCU2dLTWdZUk1veU1QUWM=-w280-h168-p-df,"Russian spacecraft comes alarmingly close to colliding with US satellite, NASA ‘very shocked’ | Mint"
Science,8 hours ago,The Indian Express,https://news.google.com/api/attachments/CC8iI0NnNXFUM2d3WmtSTk1HSmtNbTVsVFJDZkF4ampCU2dLTWdB=-w280-h168-p-df,Indian physicists remember Peter Higgs whose innovative work helped to have better understanding of Universe
Science,6 hours ago,India Today,https://news.google.com/api/attachments/CC8iK0NnNHRPRTE2WkRac1RGWjNVVE10VFJDZkF4ampCU2dLTWdZdGtJcFJOUVk=-w280-h168-p-df,Nasa's solar sail is ready to fly in space without air
Technology,6 hours ago,91mobiles,https://news.google.com/api/attachments/CC8iJ0NnNHpNVmR4WkRrMlMyNXpWVEJpVFJDZkF4ampCU2dLTWdNUllndw=-w200-h112-p-df,"Redmi Pad Pro with 12.1-inch 2.5K display, Snapdragon 7s Gen 3 SoC launched in China: price, specifications"
Technology,Yesterday,Android Police,https://news.google.com/api/attachments/CC8iI0NnNTRaVVV5ZDNkNWFuVkdNVWN6VFJDbEFSaXlBaWdCTWdB=-w200-h112-p-df,Gmail: How to send files over 25MB
Technology,Yesterday,The Hindu,https://news.google.com/api/attachments/CC8iK0NnNDFVbTFKV214ZlgwNDRSVVZSVFJDZkF4ampCU2dLTWdhWmNvcU9zUVU=-w200-h112-p-df,How to restrict WhatsApp media downloads and gallery visibility on Android
Technology,2 days ago,The Indian Express,https://news.google.com/api/attachments/CC8iL0NnNVFNalZoUlMxcFJGa3lNM1pyVFJDZkF4ampCU2dLTWdrVllvUXdyU2FETVFF=-w200-h112-p-df,Charge to 100% in minutes: Top 5 devices with ultra fast charging capabilities
Technology,2 days ago,Mint,https://news.google.com/api/attachments/CC8iK0NnNUpRbTluT0hsWGFHMVFkVGh6VFJDZkF4ampCU2dLTWdhVlFwQ3FwUWs=-w200-h112-p-df,Best 1TB SSD laptops: Top 6 picks for students and gaming enthusiasts to truly unlock an enhanced experience | Mint
Technology,6 hours ago,Gadgets 360,https://news.google.com/api/attachments/CC8iK0NnNTJjMVF3Tkd0a1oyaExjVWszVFJERUF4aW1CU2dLTWdZcFJaS3RIUWs=-w280-h168-p-df,Apple Warns iPhone Users of 'Mercenary Spyware' Attack in 92 Countries
Technology,8 hours ago,Mint,https://news.google.com/api/attachments/CC8iL0NnNUNRak5qYWs1SFluaFBVRTAyVFJDZkF4ampCU2dLTWdrSlFvYnNRT1dwS0FJ=-w280-h168-p-df,"Garena Free Fire Max redeem code for April 11, 2024: Win free in-game goodies like diamonds and weapons | Mint"
Technology,35 minutes ago,The Times of India,https://news.google.com/api/attachments/CC8iL0NnNUhZakpPVERKamNWTkZjVFk0VFJDZkF4ampCU2dLTWdtZFlZeE11U1V0U2dJ=-w280-h168-p-df,Google shows of its cloud AI tools for companies after CEO Sundar Pichai's “completely unacceptable” blas
Technology,2 hours ago,GSMArena.com,https://news.google.com/api/attachments/CC8iK0NnNHpXbVY0U2t4TVlYZFhZMlZFVFJEckFoak1CaWdLTWdZbEJJU3ROUVk=-w280-h168-p-df,Realme Pad 2's Wi-Fi model is launching with the P-series smartphones next week - GSMArena.com news
Technology,6 hours ago,Business Standard,https://news.google.com/api/attachments/CC8iK0NnNVlVMU5NVW10UmNsUkdkbVpGVFJEUUF4anNCQ2dLTWdZQlFJN01KUWc=-w280-h168-p-df,Google to make Pixel AI image editor free in Google Photos: Details here
Health,8 hours ago,BusinessLine,https://news.google.com/api/attachments/CC8iJ0NnNDJVbTlOTkhWWWVVcDFiMjQwVFJDZkF4ampCU2dLTWdPQmdRWQ=-w200-h112-p-df,Whooping cough is surging in China with more than a dozen deaths
Health,4 hours ago,Moneycontrol,https://news.google.com/api/attachments/CC8iK0NnNVFSa1JUWDJNNVdXTktUbEZhVFJDZkF4ampCU2dLTWdZQklJVEVJQVE=-w200-h112-p-df,Best home remedies for glowing skin: These hydrating summer drinks will nourish your skin from within
Health,1 hour ago,The Indian Express,https://news.google.com/api/attachments/CC8iK0NnNTZYMGhyU2xkTVVHeFRXR1JRVFJDQUJSamdBeWdLTWdZTllvNXFxUVU=-w200-h112-p-df,Benefits of eating papaya on an empty stomach
Health,1 hour ago,The Indian Express,https://news.google.com/api/attachments/CC8iL0NnNDNkVEpaZWs1aFZpMHpRbUY0VFJDZkF4ampCU2dLTWdtTlE0ckhNYVZqcVFJ=-w200-h112-p-df,Nutrition alert: Here’s what a 100-gram serving of mishrikand contains
Health,2 hours ago,Hindustan Times,https://news.google.com/api/attachments/CC8iL0NnNWFYMEZ5Y0ZsWldtaENVbEJYVFJEakJSaWZBeWdLTWdrQk1KSW9KaWpvYlFF=-w200-h112-p-df,5 herbs to aid weight loss
Health,5 hours ago,CNBC-TV18,https://news.google.com/api/attachments/CC8iMkNnNHhUMDVuWTJWUU0yWm1TWEpzVFJDb0FSaXNBaWdCTWdzRkFJUUR0Nll0bUFpSnNR=-w280-h168-p-df,Think Of Treating NCDs Early & Treating It Well: Dr Hemant P Thacker | The Medicine Box | N18V
Health,1 hour ago,The Indian Express,https://news.google.com/api/attachments/CC8iL0NnNTJVbXh1UWsxbGFtRkZjREE1VFJDZkF4ampCU2dLTWdrQklKQ0ZIdVpqeGdJ=-w280-h168-p-df,Is the hot and humid condition in Pune increasing your chances of suffering heat stroke? Find out how to stay safe
Health,6 hours ago,Adda247,https://news.google.com/api/attachments/CC8iK0NnNXBWMFZ6VjJvMlUxZFVXRVJ1VFJDR0F4aThCU2dLTWdZTkJKS05QUVk=-w280-h168-p-df,India Ranks Second in Hepatitis B and C Cases Worldwide
Health,5 hours ago,India TV News,https://news.google.com/api/attachments/CC8iK0NnNWtZWGs1U1RsMlNuTnhSMmMxVFJDZkF4ampCU2dLTWdhdFU0eVFNUVk=-w280-h168-p-df,World Parkinson's Day 2024: Can genetic testing predict the degenerative brain condition's risk?
Health,5 hours ago,Daijiworld.com,https://news.google.com/api/attachments/CC8iI0NnNWpabkZEY21Kbk1WQlpjRE0yVFJESUFSaklBU2dCTWdB=-w280-h168-p-df,How a healthy diet can help people with Parkinson's
